<?xml version="1.0" encoding="UTF-8" standalone="yes"?>
<addon id="plugin.video.newsmax2" name="Newsmax 2" version="2024.04.01" provider-name="MetalChris">
  <requires>
    <!-- <import addon="xbmc.python" version="2.1.0"/> -->
    <import addon="script.module.beautifulsoup4" version="4.3.2"/>
    <import addon="script.module.requests" version="2.9.1"/>
    <import addon="script.module.html5lib" version="0.999.0"/>
  </requires>
  <extension point="xbmc.python.pluginsource" library="addon.py">
    <provides>video</provides>
  </extension>
  <extension point="xbmc.addon.metadata">
    <summary lang="en">Newsmax TV</summary>
    <description lang="en">Newsmax TV is a United States cable news channel that is owned by Newsmax Media.  NewsMax now requires a subsciption to access the channel and archived on demand shows, but the NewsMax2 stream which broadcasts selected archived shows is still available.</description>
    <disclaimer lang="en">For support go to my github. No support without a full, unedited debug log.  No support at TVAddons or any other forum.</disclaimer>
    <language></language>
    <platform>all</platform>
    <license></license>
    <forum></forum>
    <website></website>
    <email></email>
    <source></source>
    <news>Updates for Nexus - xbmcvfs.translatepath</news>
    <assets>
        <icon>resources/media/icon.png</icon>
        <fanart>resources/media/fanart.jpg</fanart>
    </assets>
  </extension>
</addon>
