<?xml version="1.0" encoding="UTF-8" standalone="yes"?>
<addon id="plugin.video.reruncentury" name="RerunCentury" version="2021.10.20" provider-name="MetalChris">
    <requires>
        <!-- <import addon="xbmc.python" version="2.1.0"/> -->
        <import addon="script.module.beautifulsoup4" version="4.3.2"/>
        <import addon="script.module.html5lib" version="0.999.0"/>
    </requires>
    <extension point="xbmc.python.pluginsource"
               library="addon.py">
        <provides>video</provides>
    </extension>
    <extension point="xbmc.addon.metadata">
        <platform>all</platform>
        <license>GPL 2.0</license>
        <summary lang="en">Free Videos and 20th Century TV</summary>
        <description lang="en">Free Videos and 20th Century TV | Watch public domain episodes from nearly 200 classic TV shows. Links to legal videos. *Matrix Version*</description>
        <disclaimer lang="en">For support go to my github. No support without a full, unedited debug log.  No support at TVAddons or any other forum.</disclaimer>
        <language></language>
        <platform>all</platform>
        <license>GPL(v2) or Later</license>
        <forum></forum>
        <website>http://www.reruncentury.com</website>
        <email></email>
        <source>https://github.com/MetalChris/repository.metalchris/tree/master/plugin.video.reruncentury</source>
        <news>v.2020.04.12[CR]- Fixes for website changes and code cleanup.</news>
        <assets>
            <icon>resources/media/icon.png</icon>
            <fanart>resources/media/fanart.jpg</fanart>
        </assets>
    </extension>
</addon>
