<?xml version="1.0" encoding="UTF-8" standalone="yes"?>
<addon id="plugin.video.weathernation" name="WeatherNation TV" version="2021.09.26" provider-name="MetalChris">
  <requires>
    <!-- <import addon="xbmc.python" version="2.1.0"/> -->
    <import addon="script.module.beautifulsoup4" version="4.3.2"/>
    <import addon="script.module.html5lib" version="0.999.0"/>
  </requires>
  <extension point="xbmc.python.pluginsource" library="addon.py">
    <provides>video</provides>
  </extension>
  <extension point="xbmc.addon.metadata">
    <summary lang="en">WeatherNation</summary>
    <description lang="en">Delivers the latest in-depth local, regional and national weather video, forecasts, maps, radar, news, satellite maps and alerts on WeatherNation.  *Matrix Version*</description>
    <disclaimer lang="en"></disclaimer>
    <language>English</language>
    <platform>all</platform>
    <license></license>
    <forum></forum>
    <website></website>
    <email></email>
    <source></source>
    <news>v.2021.09.26: Updates for Matrix</news>
    <assets>
        <icon>resources/media/icon.png</icon>
        <fanart>resources/media/fanart.jpg</fanart>
    </assets>
  </extension>
</addon>
