<?xml version="1.0" encoding="UTF-8" standalone="yes"?>
<addon id="plugin.video.truecrime" name="True Crime Network" version="2025.12.31" provider-name="MetalChris">
    <requires>
        <import addon="xbmc.python" version="3.0.1"/>
        <import addon="script.module.requests" version="2.9.1"/>
        <import addon="script.module.inputstreamhelper"/>
    </requires>
    <extension point="xbmc.python.pluginsource"
               library="addon.py">
        <provides>video</provides>
    </extension>
    <extension point="xbmc.addon.metadata">
        <platform>all</platform>
        <license>GPL 2.0</license>
        <summary lang="en">24/7 True Crime programming</summary>
        <description lang="en">True Crime Network is a 24/7 broadcast television network that entertains and informs its viewers with gripping crime and investigation programming while making communities safer.  This add-on provides access to the True Crime Network video on demand library.</description>
        <disclaimer lang="en">For support go to my github. No support without a full, unedited debug log.  No support at TVAddons or any other forum.</disclaimer>
        <language></language>
        <platform>all</platform>
        <license>GPL(v2) or Later</license>
        <forum></forum>
        <website>https://www.truecrimenetworktv.com/</website>
        <email></email>
        <source></source>
        <news>v.2024.05.04 - Change to inputream adaptive for playback.</news>
        <assets>
            <icon>resources/media/icon.png</icon>
            <fanart>resources/media/fanart.jpg</fanart>
        </assets>
    </extension>
</addon>
