<?xml version="1.0" encoding="UTF-8" standalone="yes"?>
<addon id="plugin.video.xumoplay" name="Xumo Play" version="2025.12.31" provider-name="MetalChris">
  <requires>
    <import addon="xbmc.python" version="3.0.0"/>
    <import addon="script.module.requests" version="2.9.1"/>
    <import addon="inputstream.adaptive" />
  </requires>
  <extension point="xbmc.python.pluginsource" library="addon.py">
    <provides>video</provides>
  </extension>
  <extension point="xbmc.addon.metadata">
    <summary lang="en">Xumo Play</summary>
    <description lang="en">Xumo Play is your destination for free LIVE and on-demand streaming channels ranging from sports highlights to fun recipes to music and festival coverage to stand up comedy.</description>
    <disclaimer lang="en"></disclaimer>
    <language></language>
    <platform>all</platform>
    <license>GPL(v2 or later)</license>
    <forum></forum>
    <website>https://play.xumo.com</website>
    <email></email>
    <source></source>
    <news>Fix for DRM license requirement on some movies</news>
    <assets>
        <icon>resources/media/icon.png</icon>
        <fanart>resources/media/fanart.jpg</fanart>
    </assets>
  </extension>
</addon>
