<?xml version="1.0" encoding="UTF-8" standalone="yes"?>
<addon id="plugin.video.redbox" name="Redbox" version="2024.04.02" provider-name="MetalChris">
  <requires>
    <import addon="xbmc.python" version="3.0.0"/>
    <import addon="script.module.requests" version="2.9.1"/>
  </requires>
  <extension point="xbmc.python.pluginsource" library="addon.py">
    <provides>video</provides>
  </extension>
  <extension point="xbmc.addon.metadata">
    <summary lang="en">Redbox</summary>
    <description lang="en">Redbox Free Live TV is an ad supported channel based video on demand service.  Watch free live TV and movies from Redbox.com - no subscription required.  Watch free live TV and movies from Redbox.com - no subscription required.</description>
    <disclaimer lang="en"></disclaimer>
    <language></language>
    <platform>all</platform>
    <license>GPL(v2 or later)</license>
    <forum></forum>
    <website>https://www.redbox.com</website>
    <email></email>
    <source></source>
    <assets>
        <icon>resources/media/icon.png</icon>
        <fanart>resources/media/fanart.jpg</fanart>
    </assets>
  </extension>
</addon>
