<?xml version="1.0" encoding="UTF-8" standalone="yes"?>
<addon id="plugin.video.cw" name="CW TV Network" version="2025.10.03" provider-name="MetalChris,QianyuLi">
  <requires>
    <import addon="xbmc.python" version="3.0.1"/>
    <import addon="script.module.requests" version="2.9.1"/>
    <import addon="script.module.beautifulsoup4" version="4.3.2"/>
    <import addon="script.module.inputstreamhelper"/>
  </requires>
  <extension point="xbmc.python.pluginsource" library="addon.py">
    <provides>video</provides>
  </extension>
  <extension point="xbmc.addon.metadata">
    <summary lang="en">Watch full episodes and movies on demand from the CW</summary>
    <description lang="en">The CW Television Network is an American English language broadcast television network that is operated by The CW Network, LLC, a joint venture between CBS Corporation and Warner Bros. Entertainment. The "CW" name is an acronym derived from the first letters of the names of its two parent corporations (CBS and Warner Bros.).</description>
    <disclaimer lang="en">No support at TVAddons</disclaimer>
    <language></language>
    <platform>all</platform>
    <license>GPL(v2 or later)</license>
    <forum></forum>
    <website>https://www.cwtv.com/</website>
    <email></email>
    <source>https://github.com/MetalChris/repository.matrix/tree/master/plugin.video.cw</source>
    <news>Version 2025.10.03 - Updated to include on demand movies from CW website. Code compliance for Kodi makes this version incompatible with Matrix.</news>
    <assets>
        <icon>resources/media/icon.png</icon>
        <fanart>resources/media/fanart.jpg</fanart>
    </assets>
  </extension>
</addon>
