<?xml version="1.0" encoding="UTF-8" standalone="yes"?>
<addon id="plugin.video.americasvoice" name="Real America's Voice" version="2024.04.16" provider-name="MetalChris">
  <requires>
    <!-- <import addon="xbmc.python" version="2.1.0"/> -->
    <import addon="script.module.beautifulsoup4" version="4.3.2"/>
    <import addon="script.module.requests" version="2.9.1"/>
    <import addon="script.module.html5lib" version="0.999.0"/>
    <import addon="script.module.mechanize" version="0.2.6"/>
  </requires>
  <extension point="xbmc.python.pluginsource" library="addon.py">
    <provides>video</provides>
  </extension>
  <extension point="xbmc.addon.metadata">
    <summary lang="en">Real America's Voice</summary>
    <description lang="en">At Real America’s Voice we’re flipping the script on today’s one-way news. Instead, we’re seeking high audience-participation across our 24/7 programming. You’re not just a viewer anymore… you’re a contributor!

There’s finally a platform for your news, your opinion and your voice…its Real Americas Voice!</description>
    <disclaimer lang="en">For support go to my github. No support without a full, unedited debug log.  No support at TVAddons or any other forum.</disclaimer>
    <language></language>
    <platform>all</platform>
    <license></license>
    <forum></forum>
    <website></website>
    <email></email>
    <source></source>
    <news></news>
    <assets>
        <icon>resources/media/icon.png</icon>
        <fanart>resources/media/fanart.jpg</fanart>
    </assets>
  </extension>
</addon>
