<?xml version="1.0" encoding="UTF-8" standalone="yes"?>
<addon id="plugin.video.cflplus" name="CFL+" version="2023.07.01" provider-name="MetalChris">
  <requires>
    <!-- <import addon="xbmc.python" version="2.20.0"/> -->
    <import addon="script.module.beautifulsoup4" version="4.3.2"/>
    <import addon="script.module.six" />
    <import addon="script.module.kodi-six" />
    <import addon="script.module.html5lib" version="0.999.0"/>
    <import addon="script.module.mechanize" version="0.2.6"/>
    <import addon="script.module.requests" version="2.9.1"/>
  </requires>
  <extension point="xbmc.python.pluginsource" library="addon.py">
    <provides>video</provides>
  </extension>
  <extension point="xbmc.addon.metadata">
    <summary lang="en">CFL+ is the new way for U.S. and International audiences to stream CFL games!</summary>
    <description lang="en">CFL+ will live stream all games not being broadcast on CBS Sports Network in the U.S., while the entirety of the 2023 season, including the Grey Cup Playoffs and the 110th Grey Cup championship on Sunday, November 19, will be available for viewers outside of North America.</description>
    <disclaimer lang="en"></disclaimer>
    <language></language>
    <platform>all</platform>
    <news></news>
    <assets>
        <icon>resources/media/icon.png</icon>
        <fanart>resources/media/fanart.jpg</fanart>
    </assets>
    <license>GPL(v2 or later)</license>
    <forum></forum>
    <website>https://www.cfl.ca/</website>
    <email></email>
    <source></source>
  </extension>
</addon>
