<?xml version="1.0" encoding="UTF-8" standalone="yes"?>
<addon id="plugin.video.newsmax" name="Newsmax TV" version="2022.07.10" provider-name="MetalChris">
  <requires>
    <!-- <import addon="xbmc.python" version="2.1.0"/> -->
    <import addon="script.module.beautifulsoup4" version="4.3.2"/>
    <import addon="script.module.requests" version="2.9.1"/>
    <import addon="script.module.html5lib" version="0.999.0"/>
    <import addon="script.module.mechanize" version="0.2.6"/>
  </requires>
  <extension point="xbmc.python.pluginsource" library="addon.py">
    <provides>video</provides>
  </extension>
  <extension point="xbmc.addon.metadata">
    <summary lang="en">Newsmax TV</summary>
    <description lang="en">Newsmax TV is a United States cable news channel that is owned by Newsmax Media.  The channel primarily broadcasts from Newsmax's New York studio near Bryant Park, carrying a news/talk format during the day and acquired documentaries and films at night. *Matrix Version*</description>
    <disclaimer lang="en">For support go to my github. No support without a full, unedited debug log.  No support at TVAddons or any other forum.</disclaimer>
    <language></language>
    <platform>all</platform>
    <license></license>
    <forum></forum>
    <website></website>
    <email></email>
    <source></source>
    <news>v 2022.07.10 - Updates for Website Changes</news>
    <assets>
        <icon>resources/media/icon.png</icon>
        <fanart>resources/media/fanart.jpg</fanart>
    </assets>
  </extension>
</addon>
