<?xml version="1.0" encoding="UTF-8" standalone="yes"?>
<addon id="plugin.video.rokuchannel" name="Roku Channel" version="2024.09.01-BETA" provider-name="MetalChris">
  <requires>
    <import addon="xbmc.python" version="3.0.0"/>
    <import addon="script.module.requests" version="2.9.1"/>
    <import addon="script.module.inputstreamhelper"/>
  </requires>
  <extension point="xbmc.python.pluginsource" library="addon.py">
    <provides>video</provides>
  </extension>
  <extension point="xbmc.addon.metadata">
    <summary lang="en">Roku Channel</summary>
    <description lang="en">Enjoy thousands of free TV shows and hit movies, Roku® Originals, 400+ live TV channels, kids’ entertainment, and more — all in one place.</description>
    <disclaimer lang="en"></disclaimer>
    <language></language>
    <platform>all</platform>
    <license>GPL(v2 or later)</license>
    <forum></forum>
    <website>https://therokuchannel.roku.com/</website>
    <email></email>
    <source></source>
    <assets>
        <icon>resources/media/icon.png</icon>
        <fanart>resources/media/fanart.jpg</fanart>
    </assets>
  </extension>
</addon>
