<?xml version="1.0" encoding="UTF-8" standalone="yes"?>
<addon id="weather.unlocked" name="Weather Unlocked" version="2024.04.03" provider-name="MetalChris">
	<requires>
		<import addon="xbmc.python" version="3.0.0"/>
		<!-- <import addon="script.module.simplejson" version="3.3.0"/> -->
	</requires>
	<extension point="xbmc.python.weather" library="addon.py"/>
	<extension point="xbmc.addon.metadata">
		<summary lang="en">Current Conditions and Forecast from Weather Unlocked</summary>
		<description lang="en">Weather forecast provided by Weather Unlocked</description>
		<disclaimer lang="en"></disclaimer>
		<language></language>
		<platform>all</platform>
		<forum></forum>
		<source></source>
		<news>Updated to add hourly forecast info.</news>
		<assets>
			<icon>/resources/media/icon.png</icon>
			<banner>/resources/media/fanart.jpg</banner>
		</assets>
	</extension>
</addon>
