<?xml version="1.0" encoding="UTF-8" standalone="yes"?>
<addon id="plugin.audio.internetarchive" name="Internet Archive [Audio]" version="4.2.5" provider-name="MetalChris">
  <requires>
    <!-- <import addon="xbmc.python" version="2.1.0"/> -->
    <import addon="script.module.requests" />
    <import addon="script.module.six" />
    <import addon="script.module.kodi-six" />
    <import addon="script.module.beautifulsoup4" version="4.2.0"/>
  </requires>
  <extension point="xbmc.python.pluginsource" library="addon.py">
    <provides>audio</provides>
  </extension>
  <extension point="xbmc.addon.metadata">
    <summary lang="en">Internet Archive</summary>
    <description lang="en">Internet Archive is a non-profit digital library.  Choose from thousands of recordings ranging from alternative news programming, to Grateful Dead concerts, to Old Time Radio shows, to book and poetry readings, to original music uploaded by our users.  *Matrix Version*</description>
    <disclaimer lang="en">Support provided at forum.kodi.tv or via my github.  I will not provide support at TVaddons, or any other forum.  Please provide a full, unedited, debug log when requesting support.</disclaimer>
    <language></language>
    <platform>all</platform>
    <news>
v4.2.5
- Add error handling for socket timeout and connection errors.
    </news>
    <assets>
        <icon>resources/media/icon.png</icon>
        <fanart>resources/media/fanart.jpg</fanart>
    </assets>
    <license></license>
    <forum></forum>
    <website></website>
    <email></email>
    <source></source>
  </extension>
</addon>
