<?xml version="1.0" encoding="UTF-8" standalone="yes"?>
<addon id="plugin.video.distrotv" name="DistroTV" version="2024.04.07" provider-name="MetalChris">
  <requires>
    <import addon="xbmc.python" version="3.0.0"/>
    <import addon="script.module.requests" version="2.9.1"/>
  </requires>
  <extension point="xbmc.python.pluginsource" library="addon.py">
    <provides>video</provides>
  </extension>
  <extension point="xbmc.addon.metadata">
    <summary lang="en">DistroTV</summary>
    <description lang="en">Watch DistroTV’s extensive library of streaming video-on-demand with free movies, TV shows and documentaries. Feed your insatiable curiosities, passions and pursuits of globally-minded viewers with a broad range of entertainment, news, sports, film and TV programming.</description>
    <disclaimer lang="en"></disclaimer>
    <language></language>
    <platform>all</platform>
    <license>GPL(v2 or later)</license>
    <forum></forum>
    <website>https://www.distrotv.com</website>
    <email></email>
    <source></source>
    <assets>
        <icon>resources/media/icon.png</icon>
        <fanart>resources/media/fanart.jpg</fanart>
    </assets>
  </extension>
</addon>
