<?xml version="1.0" encoding="UTF-8" standalone="yes"?>
<addon id="plugin.video.stadium" name="Stadium" version="2023.02.21" provider-name="MetalChris">
  <requires>
    <!-- <import addon="xbmc.python" version="2.1.0"/> -->
    <import addon="script.module.beautifulsoup4" version="4.3.2"/>
    <import addon="script.module.html5lib" version="0.999.0"/>
    <import addon="script.module.mechanize" version="0.2.6"/>
  </requires>
  <extension point="xbmc.python.pluginsource" library="addon.py">
    <provides>video</provides>
  </extension>
  <extension point="xbmc.addon.metadata">
    <summary lang="en">Watch exclusive live games and events, extensive highlights, classic games, and original programming.</summary>
    <description lang="en">Stadium was formed when Campus Insiders, 120 Sports and American Sports Network combined forces to create a multi-platform sports network that brings together exclusive live games and events, extensive highlights, classic games, original programming, and daily live studio programming. *Matrix Version*</description>
    <disclaimer lang="en">No support at TVAddons.  For support go to forum.kodi.tv or my github site.  Please always provide a full, unedited debug log when requesting support.</disclaimer>
    <language></language>
    <platform>all</platform>
    <license>GPL(v2) or Later</license>
    <forum>https://forum.kodi.tv/showthread.php?tid=299122</forum>
    <website>http://watchstadium.com</website>
    <email></email>
    <source></source>
    <news>Update for Matrix - xbmcvfs.translatePath</news>
    <assets>
        <icon>resources/media/icon.png</icon>
        <fanart>resources/media/fanart.jpg</fanart>
        <screenshot>resources/media/screenshot008.png</screenshot>
        <screenshot>resources/media/screenshot010.png</screenshot>
        <screenshot>resources/media/screenshot011.png</screenshot>
    </assets>
  </extension>
</addon>
