<?xml version="1.0" encoding="UTF-8" standalone="yes"?>
<addon id="plugin.video.localnow" name="Local Now" version="2025.01.01" provider-name="MetalChris">
  <requires>
    <import addon="xbmc.python" version="3.0.0"/>
    <import addon="script.module.requests" version="2.9.1"/>
    <import addon="script.module.inputstreamhelper"/>
  </requires>
  <extension point="xbmc.python.pluginsource" library="addon.py">
    <provides>video</provides>
  </extension>
  <extension point="xbmc.addon.metadata">
    <summary lang="en">Local Now</summary>
    <description lang="en">Stream live channels and free on demand movies and TV shows.  Choose from 1300+ movies, shows, and original content.  Watch action, comedy, drama, romance, blockbuster films, timeless classics and more on Local Now.</description>
    <disclaimer lang="en"></disclaimer>
    <language></language>
    <platform>all</platform>
    <license>GPL(v2 or later)</license>
    <forum></forum>
    <website>https://www.localnow.com</website>
    <email></email>
    <source></source>
    <news>Update to fix On Demand Shows and Movies.</news>
    <assets>
        <icon>resources/media/icon.png</icon>
        <fanart>resources/media/fanart.jpg</fanart>
    </assets>
  </extension>
</addon>
